"Order","Package","Version","Role","SourceURL","ArchiveURL"
1,"base64enc","0.1-3","transitive","https://cran.r-project.org/src/contrib/base64enc_0.1-3.tar.gz","https://cran.r-project.org/src/contrib/Archive/base64enc/base64enc_0.1-3.tar.gz"
2,"brew","1.0-10","transitive","https://cran.r-project.org/src/contrib/brew_1.0-10.tar.gz","https://cran.r-project.org/src/contrib/Archive/brew/brew_1.0-10.tar.gz"
3,"cli","3.6.2","transitive","https://cran.r-project.org/src/contrib/cli_3.6.2.tar.gz","https://cran.r-project.org/src/contrib/Archive/cli/cli_3.6.2.tar.gz"
4,"codetools","0.2-19","transitive","https://cran.r-project.org/src/contrib/codetools_0.2-19.tar.gz","https://cran.r-project.org/src/contrib/Archive/codetools/codetools_0.2-19.tar.gz"
5,"commonmark","1.9.1","transitive","https://cran.r-project.org/src/contrib/commonmark_1.9.1.tar.gz","https://cran.r-project.org/src/contrib/Archive/commonmark/commonmark_1.9.1.tar.gz"
6,"cpp11","0.4.7","transitive","https://cran.r-project.org/src/contrib/cpp11_0.4.7.tar.gz","https://cran.r-project.org/src/contrib/Archive/cpp11/cpp11_0.4.7.tar.gz"
7,"crayon","1.5.2","transitive","https://cran.r-project.org/src/contrib/crayon_1.5.2.tar.gz","https://cran.r-project.org/src/contrib/Archive/crayon/crayon_1.5.2.tar.gz"
8,"digest","0.6.34","transitive","https://cran.r-project.org/src/contrib/digest_0.6.34.tar.gz","https://cran.r-project.org/src/contrib/Archive/digest/digest_0.6.34.tar.gz"
9,"evaluate","0.23","transitive","https://cran.r-project.org/src/contrib/evaluate_0.23.tar.gz","https://cran.r-project.org/src/contrib/Archive/evaluate/evaluate_0.23.tar.gz"
10,"fastmap","1.1.1","transitive","https://cran.r-project.org/src/contrib/fastmap_1.1.1.tar.gz","https://cran.r-project.org/src/contrib/Archive/fastmap/fastmap_1.1.1.tar.gz"
11,"fs","1.6.3","transitive","https://cran.r-project.org/src/contrib/fs_1.6.3.tar.gz","https://cran.r-project.org/src/contrib/Archive/fs/fs_1.6.3.tar.gz"
12,"glasso","1.11","core","https://cran.r-project.org/src/contrib/glasso_1.11.tar.gz","https://cran.r-project.org/src/contrib/Archive/glasso/glasso_1.11.tar.gz"
13,"glue","1.7.0","transitive","https://cran.r-project.org/src/contrib/glue_1.7.0.tar.gz","https://cran.r-project.org/src/contrib/Archive/glue/glue_1.7.0.tar.gz"
14,"iterators","1.0.14","transitive","https://cran.r-project.org/src/contrib/iterators_1.0.14.tar.gz","https://cran.r-project.org/src/contrib/Archive/iterators/iterators_1.0.14.tar.gz"
15,"jsonlite","1.8.8","transitive","https://cran.r-project.org/src/contrib/jsonlite_1.8.8.tar.gz","https://cran.r-project.org/src/contrib/Archive/jsonlite/jsonlite_1.8.8.tar.gz"
16,"lattice","0.22-5","transitive","https://cran.r-project.org/src/contrib/lattice_0.22-5.tar.gz","https://cran.r-project.org/src/contrib/Archive/lattice/lattice_0.22-5.tar.gz"
17,"magrittr","2.0.3","transitive","https://cran.r-project.org/src/contrib/magrittr_2.0.3.tar.gz","https://cran.r-project.org/src/contrib/Archive/magrittr/magrittr_2.0.3.tar.gz"
18,"mime","0.12","transitive","https://cran.r-project.org/src/contrib/mime_0.12.tar.gz","https://cran.r-project.org/src/contrib/Archive/mime/mime_0.12.tar.gz"
19,"mnormt","2.1.1","transitive","https://cran.r-project.org/src/contrib/mnormt_2.1.1.tar.gz","https://cran.r-project.org/src/contrib/Archive/mnormt/mnormt_2.1.1.tar.gz"
20,"ps","1.7.6","transitive","https://cran.r-project.org/src/contrib/ps_1.7.6.tar.gz","https://cran.r-project.org/src/contrib/Archive/ps/ps_1.7.6.tar.gz"
21,"R6","2.5.1","transitive","https://cran.r-project.org/src/contrib/R6_2.5.1.tar.gz","https://cran.r-project.org/src/contrib/Archive/R6/R6_2.5.1.tar.gz"
22,"rappdirs","0.3.3","transitive","https://cran.r-project.org/src/contrib/rappdirs_0.3.3.tar.gz","https://cran.r-project.org/src/contrib/Archive/rappdirs/rappdirs_0.3.3.tar.gz"
23,"Rcpp","1.0.12","core","https://cran.r-project.org/src/contrib/Rcpp_1.0.12.tar.gz","https://cran.r-project.org/src/contrib/Archive/Rcpp/Rcpp_1.0.12.tar.gz"
24,"rlang","1.1.3","transitive","https://cran.r-project.org/src/contrib/rlang_1.1.3.tar.gz","https://cran.r-project.org/src/contrib/Archive/rlang/rlang_1.1.3.tar.gz"
25,"rprojroot","2.0.4","transitive","https://cran.r-project.org/src/contrib/rprojroot_2.0.4.tar.gz","https://cran.r-project.org/src/contrib/Archive/rprojroot/rprojroot_2.0.4.tar.gz"
26,"shape","1.4.6.1","transitive","https://cran.r-project.org/src/contrib/shape_1.4.6.1.tar.gz","https://cran.r-project.org/src/contrib/Archive/shape/shape_1.4.6.1.tar.gz"
27,"stringi","1.8.3","transitive","https://cran.r-project.org/src/contrib/stringi_1.8.3.tar.gz","https://cran.r-project.org/src/contrib/Archive/stringi/stringi_1.8.3.tar.gz"
28,"withr","2.5.0","transitive","https://cran.r-project.org/src/contrib/withr_2.5.0.tar.gz","https://cran.r-project.org/src/contrib/Archive/withr/withr_2.5.0.tar.gz"
29,"xfun","0.41","transitive","https://cran.r-project.org/src/contrib/xfun_0.41.tar.gz","https://cran.r-project.org/src/contrib/Archive/xfun/xfun_0.41.tar.gz"
30,"yaml","2.3.8","transitive","https://cran.r-project.org/src/contrib/yaml_2.3.8.tar.gz","https://cran.r-project.org/src/contrib/Archive/yaml/yaml_2.3.8.tar.gz"
31,"cachem","1.0.8","transitive","https://cran.r-project.org/src/contrib/cachem_1.0.8.tar.gz","https://cran.r-project.org/src/contrib/Archive/cachem/cachem_1.0.8.tar.gz"
32,"desc","1.4.3","transitive","https://cran.r-project.org/src/contrib/desc_1.4.3.tar.gz","https://cran.r-project.org/src/contrib/Archive/desc/desc_1.4.3.tar.gz"
33,"ellipsis","0.3.2","transitive","https://cran.r-project.org/src/contrib/ellipsis_0.3.2.tar.gz","https://cran.r-project.org/src/contrib/Archive/ellipsis/ellipsis_0.3.2.tar.gz"
34,"foreach","1.5.2","transitive","https://cran.r-project.org/src/contrib/foreach_1.5.2.tar.gz","https://cran.r-project.org/src/contrib/Archive/foreach/foreach_1.5.2.tar.gz"
35,"highr","0.10","transitive","https://cran.r-project.org/src/contrib/highr_0.10.tar.gz","https://cran.r-project.org/src/contrib/Archive/highr/highr_0.10.tar.gz"
36,"lifecycle","1.0.4","transitive","https://cran.r-project.org/src/contrib/lifecycle_1.0.4.tar.gz","https://cran.r-project.org/src/contrib/Archive/lifecycle/lifecycle_1.0.4.tar.gz"
37,"Matrix","1.6-5","transitive","https://cran.r-project.org/src/contrib/Matrix_1.6-5.tar.gz","https://cran.r-project.org/src/contrib/Archive/Matrix/Matrix_1.6-5.tar.gz"
38,"nlme","3.1-164","transitive","https://cran.r-project.org/src/contrib/nlme_3.1-164.tar.gz","https://cran.r-project.org/src/contrib/Archive/nlme/nlme_3.1-164.tar.gz"
39,"processx","3.8.3","transitive","https://cran.r-project.org/src/contrib/processx_3.8.3.tar.gz","https://cran.r-project.org/src/contrib/Archive/processx/processx_3.8.3.tar.gz"
40,"RcppEigen","0.3.4.0.0","transitive","https://cran.r-project.org/src/contrib/RcppEigen_0.3.4.0.0.tar.gz","https://cran.r-project.org/src/contrib/Archive/RcppEigen/RcppEigen_0.3.4.0.0.tar.gz"
41,"tinytex","0.49","transitive","https://cran.r-project.org/src/contrib/tinytex_0.49.tar.gz","https://cran.r-project.org/src/contrib/Archive/tinytex/tinytex_0.49.tar.gz"
42,"xml2","1.3.6","transitive","https://cran.r-project.org/src/contrib/xml2_1.3.6.tar.gz","https://cran.r-project.org/src/contrib/Archive/xml2/xml2_1.3.6.tar.gz"
43,"callr","3.7.5","transitive","https://cran.r-project.org/src/contrib/callr_3.7.5.tar.gz","https://cran.r-project.org/src/contrib/Archive/callr/callr_3.7.5.tar.gz"
44,"htmltools","0.5.7","transitive","https://cran.r-project.org/src/contrib/htmltools_0.5.7.tar.gz","https://cran.r-project.org/src/contrib/Archive/htmltools/htmltools_0.5.7.tar.gz"
45,"knitr","1.45","documentation","https://cran.r-project.org/src/contrib/knitr_1.45.tar.gz","https://cran.r-project.org/src/contrib/Archive/knitr/knitr_1.45.tar.gz"
46,"memoise","2.0.1","transitive","https://cran.r-project.org/src/contrib/memoise_2.0.1.tar.gz","https://cran.r-project.org/src/contrib/Archive/memoise/memoise_2.0.1.tar.gz"
47,"psych","2.4.1","core","https://cran.r-project.org/src/contrib/psych_2.4.1.tar.gz","https://cran.r-project.org/src/contrib/Archive/psych/psych_2.4.1.tar.gz"
48,"survival","3.5-8","transitive","https://cran.r-project.org/src/contrib/survival_3.5-8.tar.gz","https://cran.r-project.org/src/contrib/Archive/survival/survival_3.5-8.tar.gz"
49,"vctrs","0.6.5","transitive","https://cran.r-project.org/src/contrib/vctrs_0.6.5.tar.gz","https://cran.r-project.org/src/contrib/Archive/vctrs/vctrs_0.6.5.tar.gz"
50,"fontawesome","0.5.2","transitive","https://cran.r-project.org/src/contrib/fontawesome_0.5.2.tar.gz","https://cran.r-project.org/src/contrib/Archive/fontawesome/fontawesome_0.5.2.tar.gz"
51,"glmnet","4.1-8","core","https://cran.r-project.org/src/contrib/glmnet_4.1-8.tar.gz","https://cran.r-project.org/src/contrib/Archive/glmnet/glmnet_4.1-8.tar.gz"
52,"jquerylib","0.1.4","transitive","https://cran.r-project.org/src/contrib/jquerylib_0.1.4.tar.gz","https://cran.r-project.org/src/contrib/Archive/jquerylib/jquerylib_0.1.4.tar.gz"
53,"pkgbuild","1.4.3","transitive","https://cran.r-project.org/src/contrib/pkgbuild_1.4.3.tar.gz","https://cran.r-project.org/src/contrib/Archive/pkgbuild/pkgbuild_1.4.3.tar.gz"
54,"purrr","1.0.2","transitive","https://cran.r-project.org/src/contrib/purrr_1.0.2.tar.gz","https://cran.r-project.org/src/contrib/Archive/purrr/purrr_1.0.2.tar.gz"
55,"sass","0.4.8","transitive","https://cran.r-project.org/src/contrib/sass_0.4.8.tar.gz","https://cran.r-project.org/src/contrib/Archive/sass/sass_0.4.8.tar.gz"
56,"stringr","1.5.1","transitive","https://cran.r-project.org/src/contrib/stringr_1.5.1.tar.gz","https://cran.r-project.org/src/contrib/Archive/stringr/stringr_1.5.1.tar.gz"
57,"bslib","0.6.1","transitive","https://cran.r-project.org/src/contrib/bslib_0.6.1.tar.gz","https://cran.r-project.org/src/contrib/Archive/bslib/bslib_0.6.1.tar.gz"
58,"pkgload","1.3.4","transitive","https://cran.r-project.org/src/contrib/pkgload_1.3.4.tar.gz","https://cran.r-project.org/src/contrib/Archive/pkgload/pkgload_1.3.4.tar.gz"
59,"rmarkdown","2.25","documentation","https://cran.r-project.org/src/contrib/rmarkdown_2.25.tar.gz","https://cran.r-project.org/src/contrib/Archive/rmarkdown/rmarkdown_2.25.tar.gz"
60,"roxygen2","7.3.1","documentation","https://cran.r-project.org/src/contrib/roxygen2_7.3.1.tar.gz","https://cran.r-project.org/src/contrib/Archive/roxygen2/roxygen2_7.3.1.tar.gz"
